ph,Hardness,Solids,Chloramines,Sulfate,Conductivity,Organic_carbon,Trihalomethanes,Turbidity
8.316765884,214.3733941,22018.41744,8.059332377,356.8861356,363.2665162,18.4365245,100.3416744,4.628770537